game_episode,end_x,end_y
153363_1,55.248543,11.38447
153363_2,21.495031,49.54192
153363_6,28.454834,62.1115
153363_7,39.356586,9.552442
153363_8,64.39264,15.816367
153363_9,57.650467,54.879345
153363_10,38.555946,17.00112
153363_12,56.024544,5.651536
153363_13,31.364996,63.743057
153363_15,49.143112,10.08988
153363_16,38.45114,7.492447
153363_17,67.29232,64.049515
153363_18,85.76913,32.2429
153363_19,19.260223,17.190117
153363_20,43.005733,15.637881
153363_21,51.467613,12.471759
153363_22,29.08289,48.625393
153363_23,36.898888,16.057856
153363_24,16.841635,34.639637
153363_26,46.97944,51.588547
153363_27,44.011448,54.46811
153363_28,63.4028,3.5391352
153363_29,86.38102,49.00275
153363_30,91.930214,50.837723
153363_31,76.71348,33.776203
153363_32,36.337044,26.779675
153363_33,74.615234,38.632317
153363_34,50.660103,15.719419
153363_35,36.340668,33.469772
153363_36,94.88708,32.021725
153363_37,71.64476,21.35012
153363_38,70.50701,5.0042343
153363_41,47.928886,59.99991
153363_43,53.046967,4.6266985
153363_44,76.023445,6.6753387
153363_47,58.01477,10.132415
153363_48,40.524925,59.570686
153363_49,55.319942,8.543958
153363_50,53.223682,63.690353
153363_51,72.20779,8.254945
153363_52,45.92733,9.525195
153363_53,39.706734,60.016827
153363_54,65.79214,56.18616
153363_56,54.933334,13.656343
153363_57,10.518343,45.055794
153363_58,61.159164,64.45092
153363_59,67.24662,17.138008
153363_60,15.586053,45.22475
153363_61,30.462822,43.759148
153363_62,74.26811,53.501526
153363_64,68.694405,7.2026095
153363_65,94.716866,16.536457
153363_66,23.158634,62.813183
153363_67,64.83727,39.381954
153363_68,52.135372,31.352787
153363_69,28.469612,61.07153
153363_70,78.07657,16.940247
153363_71,72.99498,54.58138
153363_72,29.509148,61.321156
153363_73,19.20134,7.6268535
153363_74,60.448647,18.440052
153363_75,76.954735,51.734974
153363_76,49.786716,61.54515
153363_77,37.223476,5.9921837
153363_79,55.14403,23.170834
153363_80,27.31289,35.531853
153363_81,45.515125,64.725075
153363_82,85.63386,16.875404
153363_83,22.377254,10.965968
153363_84,38.187214,31.482332
153363_85,75.11092,11.727418
153363_86,65.54505,25.798458
153364_1,38.27403,57.197723
153364_2,25.929989,40.5059
153364_3,33.794952,46.061245
153364_4,39.605473,53.700188
153364_5,26.983963,11.312533
153364_6,43.07673,11.970433
153364_7,57.93206,5.9607887
153364_8,46.55474,52.269405
153364_9,68.42327,28.92146
153364_10,51.739468,11.244401
153364_11,75.91415,6.9456034
153364_12,50.332565,22.521032
153364_14,75.65858,49.21516
153364_15,13.901746,18.799633
153364_16,35.00991,42.062977
153364_17,62.84079,28.364204
153364_18,78.63593,8.883986
153364_19,54.57192,52.536446
153364_20,7.3549585,35.817863
153364_21,66.63807,62.50906
153364_22,97.231224,16.34895
153364_23,25.679432,17.433214
153364_24,39.778404,41.073067
153364_25,47.45578,8.400758
153364_26,38.16608,13.690021
153364_27,30.388994,57.948444
153364_28,84.19094,57.257275
153364_29,5.9920974,16.771168
153364_30,7.5948925,27.213589
153364_31,48.52364,31.234402
153364_32,44.699974,62.47796
153364_33,5.7236185,28.358389
153364_34,57.33772,14.609529
153364_36,60.036896,56.03754
153364_37,7.8655443,7.5074077
153364_38,82.30586,27.630478
153364_39,52.07117,64.24403
153364_40,48.305492,24.304111
153364_41,49.758137,46.82891
153364_42,60.426746,10.572355
153364_43,42.378757,57.450256
153364_44,85.018456,28.949833
153364_45,49.87857,57.244446
153364_46,78.08218,6.0210056
153364_47,59.271217,18.13041
153364_48,94.227394,37.728355
153364_49,40.11647,33.0797
153364_50,26.795763,10.278773
153364_52,26.668537,4.1890597
153364_53,49.137917,12.302896
153364_54,64.91298,61.183445
153364_55,70.30462,61.3345
153364_56,68.75787,57.36422
153364_57,39.61399,25.573296
153364_58,47.144215,17.022785
153364_59,60.38246,43.876213
153364_61,58.975334,43.097942
153364_62,54.40344,55.349503
153364_63,68.31568,36.371075
153364_65,70.80599,44.02805
153364_66,84.852165,59.350166
153364_67,41.580086,41.928745
153364_68,38.505077,19.48843
153364_69,61.469574,40.856762
153364_70,20.960627,7.1610866
153364_71,75.845924,43.98522
153364_73,47.989323,42.39292
153364_74,68.45286,51.48132
153364_75,69.51655,60.79169
153364_76,74.92699,43.626137
153364_78,66.8032,6.006042
153364_79,46.707565,49.274036
153364_80,51.262554,12.428046
153364_81,60.928062,63.633183
153364_82,73.98044,51.203053
153364_84,52.9217,64.364296
153364_85,58.852943,8.767767
153364_86,48.48647,49.178944
153365_1,35.836617,65.79553
153365_2,35.40674,33.192013
153365_3,23.58136,61.958706
153365_4,55.708916,7.529588
153365_5,31.923409,50.92979
153365_6,64.74593,39.101505
153365_7,15.846756,43.062954
153365_8,34.22689,53.838177
153365_9,7.6950417,30.361893
153365_10,35.409386,64.37635
153365_11,39.748627,12.372539
153365_12,21.230946,61.902958
153365_13,18.99306,59.37223
153365_14,52.386147,60.987453
153365_15,9.031194,34.75828
153365_16,20.435913,8.497912
153365_17,63.530525,16.16232
153365_20,82.22962,15.65594
153365_21,76.20815,22.143503
153365_23,29.450413,15.63895
153365_24,78.163086,46.303043
153365_25,91.69932,56.784763
153365_26,13.802468,7.087721
153365_28,75.65235,37.71934
153365_29,44.470425,23.311321
153365_30,60.469627,36.782726
153365_31,84.00262,34.515118
153365_32,35.035896,20.462418
153365_33,30.991192,15.177108
153365_34,44.18715,62.719517
153365_35,64.56341,5.8776126
153365_36,23.580849,59.30865
153365_37,62.190678,9.337152
153365_38,95.35934,17.486803
153365_39,34.28696,63.49705
153365_40,97.425705,44.058937
153365_41,27.44704,24.981682
153365_42,51.24575,66.256966
153365_43,45.99643,51.319355
153365_44,45.208107,21.383068
153365_45,58.76529,17.445395
153365_46,84.42387,37.759064
153365_47,60.245003,56.524746
153365_48,77.85584,39.454098
153365_49,27.094652,51.272243
153365_50,49.602283,31.45082
153365_51,89.42789,51.014202
153365_53,18.233603,41.709618
153365_54,29.647394,63.348785
153365_55,28.220047,11.454172
153365_56,84.78275,7.833872
153365_57,99.14202,22.91803
153365_58,46.931152,10.748951
153365_59,83.9592,7.0435095
153365_60,79.90774,5.7981696
153365_61,20.182629,56.745052
153365_62,93.83054,56.011852
153365_64,48.39224,58.819008
153365_65,21.337536,8.72943
153365_66,55.797634,18.11186
153365_68,83.3991,27.616951
153365_69,29.129902,60.626873
153365_70,62.017513,56.30407
153365_71,8.773854,52.81483
153365_72,94.008766,42.432903
153365_73,94.5988,45.91936
153365_74,17.32186,22.76355
153365_75,24.436295,36.227222
153365_76,37.391495,17.42602
153365_77,86.18639,19.887926
153365_79,64.003235,11.169171
153365_80,84.736046,33.109745
153365_82,59.38196,5.4285264
153365_83,12.769368,42.21482
153365_84,68.90998,21.813152
153365_85,44.35955,18.137009
153365_86,68.43806,50.10478
153365_89,15.179077,24.395384
153365_90,86.664665,49.438587
153365_91,72.58494,4.880728
153365_92,82.76168,10.653734
153365_93,78.54451,32.04387
153366_1,91.269264,55.431026
153366_3,75.53959,23.696705
153366_4,15.304584,44.886932
153366_5,37.192425,5.4749503
153366_6,76.36772,58.83167
153366_7,22.32153,51.460114
153366_8,12.235895,30.529774
153366_9,26.37085,14.71915
153366_10,51.93399,22.37692
153366_11,56.87152,15.9589615
153366_12,44.150467,61.530674
153366_13,33.447098,13.050369
153366_14,79.34061,59.324406
153366_15,89.5296,28.681519
153366_16,36.442493,55.4092
153366_17,16.6968,60.7308
153366_18,53.56481,23.932915
153366_19,66.941246,16.68694
153366_20,68.422966,55.984848
153366_21,29.664715,49.292164
153366_22,50.919033,64.56237
153366_23,6.343758,33.82631
153366_24,46.720024,63.089794
153366_25,66.28767,59.361675
153366_27,87.938385,14.596678
153366_28,29.348131,47.83865
153366_29,11.528081,30.343391
153366_30,72.928314,8.852831
153366_31,14.07871,28.347946
153366_32,82.39687,6.8198724
153366_33,98.72161,46.337315
153366_35,77.06417,55.100292
153366_36,80.34954,54.88512
153366_37,51.61112,9.977981
153366_38,33.96516,6.497257
153366_39,10.854094,32.48097
153366_40,71.76271,10.185643
153366_41,38.710022,64.13999
153366_42,75.664185,22.090534
153366_43,92.913994,56.919056
153366_44,39.285385,45.916714
153366_46,85.56777,55.147507
153366_47,57.77032,56.947758
153366_48,77.178795,53.185024
153366_49,84.13027,63.364563
153366_50,26.61082,27.255192
153366_51,81.56882,56.23165
153366_52,57.13083,63.445496
153366_53,51.742012,4.823719
153366_54,91.304436,29.942911
153366_55,51.475388,8.3592
153366_56,87.29837,53.22326
153366_57,67.04423,61.680946
153366_58,63.384827,47.156868
153366_59,62.841698,44.10792
153366_60,85.763885,49.056202
153366_61,65.24666,50.120113
153366_62,70.480415,59.05673
153366_64,74.69431,45.93664
153366_65,16.748188,40.77657
153366_66,81.624016,5.5413723
153366_67,57.926754,47.041393
153366_68,59.967083,5.888042
153366_69,79.910385,63.456165
153366_71,78.53619,62.6462
153366_72,79.34523,7.1900954
153366_73,74.250305,48.481304
153366_74,27.485493,61.274204
153366_75,47.782146,5.4459915
153366_76,41.07492,10.587346
153366_77,36.57329,62.29434
153366_78,66.23339,18.807064
153366_79,93.297264,53.25768
153366_80,40.692646,49.193813
153366_81,49.02527,12.025664
153366_82,24.909,18.038097
153366_83,30.60034,44.89597
153366_84,85.91137,53.26231
153366_85,57.74866,64.67623
153366_86,83.58582,7.1322174
153366_88,41.191486,61.47459
153366_89,48.431923,62.317005
153366_90,57.9575,57.420628
153366_92,24.045967,52.99902
153366_93,64.52343,31.586859
153366_94,35.587494,65.04331
153366_95,71.53743,65.44873
153367_1,56.101696,7.830341
153367_2,53.741325,47.419502
153367_3,65.73208,7.5634246
153367_4,78.536285,5.171645
153367_7,38.081543,50.93082
153367_8,40.777832,34.914257
153367_9,73.2143,56.704704
153367_10,34.509964,62.1452
153367_11,44.6277,62.505577
153367_12,67.847,40.535477
153367_13,20.690151,25.32802
153367_14,84.67759,6.6547666
153367_16,82.21575,48.80033
153367_17,22.66248,4.1836243
153367_18,46.34399,52.042217
153367_19,28.742363,48.429752
153367_21,27.294544,64.28593
153367_22,30.098358,62.243366
153367_24,6.6301556,29.212263
153367_25,59.15876,29.973915
153367_26,73.617195,53.041714
153367_27,35.466415,11.408124
153367_28,6.4709,25.159536
153367_30,11.308978,40.621677
153367_31,60.806427,5.3899937
153367_32,89.20931,47.546413
153367_33,17.224575,24.273193
153367_34,69.89683,20.018547
153367_35,19.47958,48.207737
153367_36,55.021713,14.777389
153367_37,88.99824,54.213535
153367_38,86.56608,19.481894
153367_39,93.82613,52.84232
153367_40,21.900301,6.902972
153367_41,38.323395,41.64096
153367_42,16.89763,59.348583
153367_43,44.977455,33.95908
153367_44,28.36388,7.2906837
153367_45,47.40484,62.12749
153367_46,78.279396,53.76501
153367_47,40.420788,28.993776
153367_48,49.390984,3.3737879
153367_49,74.30457,9.657407
153367_50,63.039223,62.812786
153367_51,80.00301,47.005253
153367_52,22.030424,50.34895
153367_53,88.77141,40.993988
153367_54,82.92356,62.86356
153367_55,42.815887,11.186607
153367_56,65.73982,63.64371
153367_58,48.90821,35.144558
153367_59,6.1526256,7.423008
153367_60,36.29821,63.31026
153367_61,76.343,18.111464
153367_62,39.173042,53.948734
153367_63,15.550761,22.219364
153367_64,90.543785,44.154987
153367_65,87.69701,53.728756
153367_66,76.015755,58.96076
153367_67,5.352826,36.036118
153367_68,60.217117,56.63717
153367_69,70.85659,58.95679
153367_70,77.53738,64.24954
153367_71,60.89495,9.10056
153367_72,82.6538,38.728214
153367_73,19.250195,57.222122
153367_74,54.30084,16.528084
153367_75,50.256546,55.78404
153367_76,19.265564,7.7963767
153367_77,94.02567,38.985443
153367_78,28.56971,30.183983
153367_79,30.736229,14.941136
153367_80,39.80679,41.779064
153367_81,78.25898,61.684467
153367_82,38.26794,4.277711
153367_83,59.213165,51.018448
153367_84,60.026997,60.09566
153367_85,33.336357,64.936195
153367_87,68.910095,36.481403
153367_89,82.883606,9.057758
153367_90,71.74987,59.980495
153367_92,45.13569,54.710987
153367_93,83.58133,6.582079
153367_94,78.37076,41.603584
153367_95,75.43671,40.712597
153367_96,56.54499,51.945843
153367_97,16.316736,3.738653
153367_98,48.802902,14.2911825
153367_99,91.918785,48.81741
153367_101,92.99107,46.501183
153367_102,13.466638,34.69345
153367_103,19.783512,10.4503565
153367_104,90.073204,51.839195
153367_106,83.29215,14.473271
153367_107,53.36546,41.711857
153367_108,40.71262,13.216893
153367_109,25.851479,12.77508
153367_110,68.713264,61.44957
153367_111,45.79603,46.109364
153368_1,39.074577,35.45063
153368_2,37.492363,46.857388
153368_3,83.693565,35.682762
153368_4,63.632015,38.854443
153368_5,41.647873,44.393986
153368_8,59.197506,63.278168
153368_9,69.36104,52.35201
153368_10,50.509884,55.22987
153368_11,64.802345,31.40403
153368_12,52.566883,10.425265
153368_14,81.163216,58.224556
153368_15,57.845436,30.261948
153368_16,47.02189,21.461962
153368_17,19.592537,10.999705
153368_18,12.180361,14.42287
153368_19,52.947105,19.629047
153368_20,75.09807,46.51391
153368_21,75.096924,53.151234
153368_22,31.016031,44.371624
153368_25,47.91445,43.820393
153368_26,50.228775,7.220867
153368_27,38.322113,12.803395
153368_28,56.470467,53.03742
153368_29,93.91437,22.204815
153368_30,53.385048,6.6029973
153368_31,65.33873,6.625811
153368_32,39.409416,60.858265
153368_33,56.10622,63.534626
153368_34,83.62438,14.855302
153368_36,61.15706,57.502148
153368_37,13.360239,12.994496
153368_38,29.457272,50.60021
153368_39,70.86268,64.560135
153368_41,49.10307,20.01898
153368_42,68.68664,17.89305
153368_44,44.909233,16.014818
153368_45,79.174904,19.432938
153368_46,76.1444,62.077023
153368_47,54.334858,52.98248
153368_48,37.505997,21.41772
153368_49,85.0418,17.064972
153368_51,47.488304,16.667786
153368_52,56.752377,43.589844
153368_53,15.273095,58.411842
153368_54,77.73846,32.507233
153368_55,7.478899,27.016493
153368_57,53.481426,47.619556
153368_58,54.143707,61.648956
153368_59,44.641006,45.715107
153368_60,69.25335,42.61139
153368_61,66.497475,15.529003
153368_62,12.916644,58.154522
153368_63,24.586344,63.35657
153368_64,78.10534,41.141277
153368_65,77.31622,37.965607
153368_66,26.117525,27.722824
153368_68,57.248436,10.518822
153368_69,86.51797,54.54211
153368_70,92.008156,46.412804
153368_71,73.06015,43.56663
153368_73,80.71694,29.709656
153368_74,63.270264,26.197472
153368_75,20.71131,53.239925
153368_76,83.064514,44.77652
153368_77,54.112747,24.45445
153368_78,77.12115,9.080101
153368_79,42.252594,64.32493
153368_80,72.24905,35.456768
153368_81,83.37054,39.16172
153368_82,69.722786,62.68514
153368_84,78.03843,41.17249
153368_85,47.131706,48.343716
153368_86,48.007774,16.806807
153369_1,76.47956,55.626614
153369_2,79.866165,53.461975
153369_3,81.32542,61.182587
153369_4,12.205735,6.5164337
153369_5,13.367071,60.43728
153369_7,52.346786,17.303032
153369_10,44.1616,58.21836
153369_11,86.05004,8.620364
153369_12,77.771355,49.17039
153369_13,73.48727,41.168755
153369_14,25.363667,54.994717
153369_15,68.66278,18.111448
153369_16,62.818695,63.376804
153369_17,74.36184,57.99397
153369_18,50.856606,8.6635895
153369_19,57.686974,40.959
153369_20,52.568085,43.76013
153369_21,22.647638,51.584602
153369_22,33.09252,38.71284
153369_23,64.9221,61.68444
153369_24,54.722893,60.74246
153369_25,54.0383,16.437109
153369_26,68.27142,62.26165
153369_27,81.520355,26.717964
153369_28,59.157944,41.801994
153369_29,16.671875,33.74566
153369_30,69.99268,8.890782
153369_31,68.61436,21.172512
153369_33,21.647282,46.51124
153369_34,70.663704,60.940365
153369_35,77.69088,24.97486
153369_37,68.19854,7.00667
153369_38,90.38471,10.3977995
153369_39,63.777443,12.712129
153369_41,95.56734,31.514597
153369_42,26.094414,37.923447
153369_43,57.526604,9.104102
153369_44,75.6912,60.56701
153369_45,49.049908,20.314108
153369_46,72.849205,44.003925
153369_50,82.739586,12.59042
153369_51,35.417995,63.775295
153369_52,50.17656,58.671528
153369_54,51.274006,64.95975
153369_55,56.5902,10.922626
153369_56,53.21096,15.489107
153369_57,64.77425,11.913608
153369_58,6.723884,21.597244
153369_60,87.58358,11.604276
153369_62,83.371925,63.40607
153369_63,42.06198,64.45066
153369_65,50.672043,9.578025
153369_66,81.16671,12.869706
153369_67,97.80992,45.34579
153369_68,84.782135,55.039436
153369_69,76.1051,25.934528
153369_70,73.824715,29.933037
153369_71,61.004364,22.750334
153369_72,69.36588,19.872532
153369_73,9.913344,57.22223
153369_76,6.7198386,12.638719
153369_77,59.88417,10.002025
153369_78,20.698782,23.753906
153369_80,59.87111,52.851723
153369_82,20.505545,25.071636
153369_83,73.862045,53.742256
153369_84,78.591896,11.363839
153369_85,79.16319,62.667217
153369_86,93.598946,31.320654
153369_88,44.643944,36.82921
153370_1,22.882973,32.225574
153370_2,26.836246,6.4786673
153370_3,46.840702,11.418015
153370_4,47.44969,7.3753543
153370_5,76.358604,18.297642
153370_6,62.740124,12.535097
153370_7,13.1339245,34.50508
153370_8,71.20669,33.34463
153370_9,34.47787,59.8726
153370_10,28.78292,37.803078
153370_11,57.226364,37.02284
153370_12,36.954597,27.914919
153370_13,55.936115,62.290123
153370_14,79.544685,19.673212
153370_16,53.7443,6.10085
153370_17,48.636593,58.333317
153370_18,30.622623,14.4055395
153370_19,55.98348,8.337583
153370_20,52.568657,64.0061
153370_21,34.846596,45.12923
153370_22,66.03574,27.299515
153370_23,48.81922,26.796328
153370_24,28.706144,26.0415
153370_25,61.104687,43.251125
153370_26,54.904915,6.799905
153370_27,49.3536,10.196395
153370_28,71.61472,17.842087
153370_30,62.804882,52.19771
153370_31,38.990414,25.343544
153370_32,41.322514,39.08947
153370_33,90.93273,49.07265
153370_35,58.961597,40.825153
153370_36,78.11523,5.1529465
153370_37,39.184387,57.250362
153370_38,13.34165,59.269714
153370_39,5.789146,28.923668
153370_40,72.28198,64.1967
153370_41,89.26054,10.364063
153370_42,18.181738,61.12597
153370_43,87.43624,27.206215
153370_44,12.711089,5.8611546
153370_45,76.23144,30.236511
153370_46,75.459,5.510145
153370_47,86.5125,13.697702
153370_49,51.815094,19.821163
153370_50,47.825703,14.290822
153370_51,62.564857,42.81782
153370_53,8.289309,53.221336
153370_54,54.331528,55.33688
153370_55,16.122677,58.512638
153370_56,27.068949,62.771442
153370_57,13.050728,29.921036
153370_58,40.79494,44.371784
153370_59,46.93933,23.352657
153370_60,81.40764,9.416546
153370_61,88.02715,51.401546
153370_63,61.302788,9.984519
153370_64,81.41383,61.267956
153370_65,77.07758,7.793045
153370_66,39.575195,6.603085
153370_67,35.571953,12.061055
153370_68,66.66316,44.542763
153370_69,27.59299,56.78445
153370_70,34.767925,18.422775
153370_71,43.333305,37.254528
153370_72,42.6925,6.872224
153370_73,61.183678,61.75413
153370_74,36.882885,9.972369
153370_75,61.053974,45.651794
153370_76,83.178795,8.333751
153370_78,36.370358,36.517956
153370_79,31.921085,34.190277
153370_80,43.85833,17.708256
153370_81,40.024178,29.427677
153370_83,40.918343,19.378155
153370_85,16.581482,30.157738
153370_86,62.150024,16.797813
153370_88,15.501354,38.892452
153370_89,81.23664,9.795033
153370_90,74.59693,43.607273
153370_91,80.635506,28.75892
153370_92,57.817062,61.317173
153371_1,65.17486,5.6187906
153371_2,8.287507,7.2252426
153371_3,50.3231,13.699914
153371_4,56.478382,52.050346
153371_5,55.7442,63.227547
153371_6,83.72102,63.89287
153371_7,47.81232,13.158797
153371_8,64.54739,7.695141
153371_9,50.411224,6.051408
153371_10,33.269207,4.289355
153371_11,48.927624,20.122889
153371_12,56.398525,63.42743
153371_13,69.94007,43.123177
153371_14,84.244644,25.39688
153371_15,60.203915,32.167377
153371_16,55.537613,50.91193
153371_17,47.62269,39.241096
153371_18,51.25129,55.213223
153371_19,43.037457,49.4919
153371_20,32.77584,33.126965
153371_21,45.52438,13.733989
153371_22,27.354748,14.533146
153371_23,58.81914,63.597767
153371_24,97.60449,48.51918
153371_25,79.08602,31.523289
153371_26,16.394726,13.243968
153371_27,50.320282,33.70279
153371_28,80.138054,8.065747
153371_29,14.867247,26.513872
153371_30,77.46991,24.144833
153371_31,42.69036,59.243595
153371_32,71.393,34.59239
153371_34,94.00344,19.652723
153371_35,40.019417,17.736757
153371_36,49.936718,11.086903
153371_37,90.209366,10.348163
153371_38,83.89063,16.512844
153371_39,7.6694946,35.422153
153371_40,42.098385,30.456425
153371_41,78.35376,18.106731
153371_42,95.67837,46.971863
153371_43,17.580719,11.879531
153371_44,31.44053,39.269444
153371_45,69.31447,8.741785
153371_48,8.845124,22.916454
153371_49,77.26864,17.85271
153371_50,55.841076,16.334927
153371_51,62.116962,63.48527
153371_52,77.901344,59.34502
153371_53,70.22903,37.31741
153371_54,39.217175,9.617294
153371_55,65.30542,14.911826
153371_56,10.500608,43.37855
153371_57,54.33046,41.722424
153371_58,53.344944,4.915904
153371_60,90.12837,44.936634
153371_61,80.580795,55.961464
153371_62,90.14207,49.674885
153371_63,39.59124,15.812638
153371_64,45.798058,57.14385
153371_65,25.464718,4.448474
153371_66,49.2153,31.026142
153371_67,79.12884,64.535255
153371_68,91.49588,55.75503
153371_69,84.4116,52.52895
153371_70,79.667,64.124466
153371_71,41.8354,18.752647
153371_72,57.033966,21.170742
153371_73,73.26684,5.4627285
153371_74,57.313404,32.498863
153371_75,62.093365,63.139606
153371_76,41.06014,58.264038
153371_77,65.719765,59.310482
153371_78,77.99755,58.434933
153371_79,32.373863,62.76566
153371_80,69.146515,7.8332033
153371_81,44.31376,13.869155
153371_82,33.835144,56.287964
153371_83,58.323307,20.568483
153371_84,52.96536,45.756386
153371_85,70.50396,46.98048
153371_86,66.56976,18.49996
153371_87,50.993416,54.36862
153371_88,41.756744,5.0746703
153372_1,24.671417,27.501734
153372_2,12.709353,7.5566463
153372_3,49.15662,13.291541
153372_4,29.973162,13.019489
153372_5,41.839954,11.339831
153372_6,8.840964,9.287118
153372_7,88.28467,60.994526
153372_9,88.1347,61.352444
153372_10,59.893906,4.502466
153372_11,33.58148,6.5771484
153372_12,58.88596,56.452038
153372_13,44.350456,20.280144
153372_14,87.867294,11.041326
153372_16,49.280144,61.44936
153372_17,47.38439,44.53143
153372_18,73.62252,32.373028
153372_19,76.63621,47.0482
153372_20,12.400047,47.376793
153372_21,72.62474,50.25055
153372_22,80.46465,5.6647797
153372_24,44.8093,58.57888
153372_25,52.015766,44.83279
153372_26,31.019688,63.041935
153372_27,37.551056,38.534515
153372_28,53.184853,18.848923
153372_29,69.45443,30.146612
153372_30,78.42356,64.41906
153372_31,61.18177,8.239141
153372_32,43.961197,35.019043
153372_33,80.7499,36.024746
153372_34,66.90557,38.390903
153372_35,7.577362,39.25175
153372_36,83.0638,21.647278
153372_38,29.870876,4.1437335
153372_39,85.94213,61.603806
153372_40,79.66634,46.134243
153372_41,17.552952,22.851513
153372_42,85.60772,59.9837
153372_43,34.325363,6.8330526
153372_44,68.783104,33.12791
153372_45,37.828327,35.385284
153372_46,77.45431,8.919898
153372_47,82.550835,62.81371
153372_48,63.831154,26.301434
153372_49,38.34001,16.772108
153372_50,9.949018,11.674482
153372_51,16.802738,5.115156
153372_52,77.44724,63.474804
153372_53,20.760796,52.889713
153372_54,49.980503,8.995238
153372_55,75.92175,39.053925
153372_56,57.751976,64.004135
153372_57,5.6267905,21.243763
153372_58,46.575867,43.11364
153372_59,13.94448,43.80384
153372_60,53.901047,46.698666
153372_61,94.81667,29.83305
153372_62,43.62154,12.500718
153372_63,55.00885,7.3200655
153372_64,72.95641,22.112019
153372_65,41.32097,30.754671
153372_66,72.07047,63.165672
153372_67,88.89776,56.869656
153372_68,47.777657,55.856766
153372_69,61.274883,40.503994
153372_70,30.713196,20.278732
153372_71,74.56739,39.482174
153372_72,55.100777,46.05401
153372_73,6.869901,7.5178027
153372_74,69.62931,9.154356
153372_75,78.24757,5.5230737
153372_76,15.302304,37.229534
153372_77,78.50015,38.614037
153372_79,59.4859,56.595802
153372_80,88.19155,43.12643
153372_82,68.74138,52.09998
153372_83,15.06858,25.432598
153372_84,90.32817,48.865158
153372_85,29.839914,39.582676
153372_86,43.713676,41.134712
153372_87,49.100513,59.710266
153372_88,19.883442,23.40447
153372_89,47.35371,61.041645
153372_90,41.319965,59.38717
153372_91,43.361664,33.095684
153372_92,24.032755,38.749466
153372_93,87.05184,36.179565
153372_94,95.52674,35.120045
153372_95,68.9607,47.572956
153372_96,33.9317,38.20377
153372_97,23.4132,56.391785
153373_1,28.497383,19.940321
153373_2,38.375893,5.1937733
153373_3,56.78734,54.917416
153373_4,68.84852,5.0891094
153373_5,16.248384,24.64352
153373_6,18.751337,54.08386
153373_7,28.286594,11.905229
153373_8,14.651168,21.264698
153373_9,70.04847,26.06898
153373_10,3.9946694,20.061247
153373_13,22.734173,21.132042
153373_14,45.316654,44.902637
153373_15,56.295155,8.520196
153373_16,47.109734,16.09328
153373_17,57.984398,11.208757
153373_18,33.696953,64.43286
153373_19,9.907452,52.93993
153373_20,14.256535,15.431563
153373_21,59.34484,6.243166
153373_22,61.676147,59.124866
153373_23,84.144394,20.23905
153373_24,97.72448,37.65305
153373_25,65.51411,5.320072
153373_26,46.59487,7.080715
153373_27,45.644203,9.826077
153373_28,77.52986,65.67683
153373_29,56.49733,48.977108
153373_30,17.793621,4.3319044
153373_31,47.2296,17.324419
153373_32,17.867907,61.014427
153373_34,6.150198,25.770271
153373_35,64.716545,53.733513
153373_36,69.50707,57.433483
153373_37,32.645058,7.624113
153373_38,60.499603,48.196804
153373_40,39.87583,29.230427
153373_41,99.10165,18.927464
153373_44,55.375565,63.670834
153373_45,53.9714,7.314432
153373_46,49.21292,42.08319
153373_47,41.681427,64.22938
153373_49,10.911323,57.758785
153373_50,25.343468,63.521183
153373_51,63.90693,4.799682
153373_52,82.311035,14.991425
153373_54,44.053127,61.404896
153373_55,32.550747,6.428752
153373_56,41.317757,40.424183
153373_57,81.019035,55.263443
153373_58,86.10558,54.672215
153373_60,90.38773,60.27757
153373_61,15.595354,12.229511
153373_63,20.530582,59.605633
153373_64,54.437904,56.296917
153373_65,46.20788,11.110219
153373_66,73.6186,8.887186
153373_67,40.51596,25.406485
153373_68,48.772316,18.386677
153373_70,61.70734,65.005264
153373_71,41.79693,64.05299
153373_72,36.010056,23.058811
153373_73,37.03468,21.730724
153373_76,88.792625,61.821182
153373_77,81.10851,58.54358
153373_78,26.538979,7.5088706
153373_79,12.6149235,54.236553
153373_80,86.20532,47.53546
153373_81,11.044088,9.004784
153373_82,72.427925,6.6424465
153373_83,78.271996,7.433193
153373_84,58.29178,37.91297
153373_86,73.05164,21.550323
153373_87,92.75767,41.34685
153373_88,61.74092,47.748905
153373_89,48.507965,55.312103
153373_90,42.25568,61.02359
153373_91,56.75306,61.839172
153373_92,68.882935,34.519913
153373_93,62.216316,45.129574
153373_94,70.351555,12.977717
153373_95,45.919624,39.0481
153373_96,72.68001,6.5885506
153373_98,29.242455,24.26958
153373_99,68.8034,3.8002725
153374_1,63.201675,39.625797
153374_2,24.798777,27.084063
153374_3,42.04212,29.261375
153374_4,9.984749,34.92457
153374_5,28.664122,5.5519056
153374_6,74.08512,18.156147
153374_7,57.33103,51.699474
153374_8,72.1073,63.054745
153374_9,30.720242,53.4929
153374_11,28.899788,25.2478
153374_12,93.13116,47.91344
153374_14,18.539093,29.557291
153374_15,9.465243,45.298298
153374_16,27.040071,45.72379
153374_18,29.208447,52.66811
153374_19,51.045784,5.5625834
153374_20,67.60209,22.318794
153374_22,41.565155,31.848755
153374_23,18.09285,25.160364
153374_24,58.015163,61.88099
153374_25,90.5905,52.093166
153374_26,64.35119,38.978138
153374_27,12.733559,55.398754
153374_28,82.372,59.25008
153374_30,69.84587,8.916421
153374_31,82.53335,11.278979
153374_32,22.2793,59.69225
153374_33,88.357,27.47512
153374_36,73.93324,61.45983
153374_37,55.728973,21.645931
153374_38,88.10586,10.114005
153374_39,43.888294,63.24165
153374_40,42.12446,65.01183
153374_41,51.131535,16.606396
153374_43,76.620674,59.715878
153374_44,41.436184,34.654804
153374_45,76.188515,22.097002
153374_46,29.728523,61.204296
153374_47,30.72088,12.052176
153374_48,77.44539,49.88678
153374_49,64.181335,48.802464
153374_50,15.463964,37.32427
153374_51,72.097145,33.49194
153374_52,75.34361,59.55277
153374_53,36.341095,38.211666
153374_54,56.738266,7.166273
153374_55,40.609127,59.687885
153374_56,14.432643,60.821205
153374_57,17.492258,60.589046
153374_58,79.8592,38.13262
153374_59,70.94756,35.687244
153374_61,57.518265,29.782707
153374_62,85.78222,62.80165
153374_63,57.761017,6.0630827
153374_64,84.60358,12.945519
153374_65,68.11828,43.81441
153374_66,32.538803,7.909809
153374_67,84.43478,23.220787
153374_68,68.062584,21.455748
153374_69,94.62014,25.423649
153374_71,63.801167,10.817305
153374_73,42.84856,34.146145
153374_74,66.55711,11.42686
153374_75,71.14857,9.8635845
153374_76,82.70072,7.8683767
153374_77,77.89315,5.6880417
153374_79,62.82794,11.404162
153374_80,74.336525,61.48449
153374_82,31.989395,11.312211
153374_83,60.015385,18.709469
153374_84,78.88981,45.054546
153374_85,22.26985,46.129803
153375_1,57.274338,56.199078
153375_2,7.0043287,35.651257
153375_3,71.290794,60.070835
153375_5,82.44335,59.321915
153375_6,28.076576,4.0059557
153375_7,54.55034,20.501291
153375_8,61.5158,41.373936
153375_9,88.90235,38.019024
153375_10,64.19501,55.590717
153375_11,37.048203,22.056385
153375_12,68.71071,63.82961
153375_13,26.85046,33.519653
153375_14,26.106915,5.6734953
153375_15,42.27592,54.612446
153375_16,78.01377,63.421097
153375_17,9.253088,52.95273
153375_18,50.213867,5.025326
153375_19,70.39033,7.324761
153375_20,62.916096,26.674253
153375_21,64.8653,36.836178
153375_22,84.51084,9.266698
153375_23,13.093825,5.9833107
153375_24,46.251503,19.797537
153375_25,88.78485,9.745255
153375_26,58.473175,43.18023
153375_27,36.92581,46.24302
153375_28,15.635695,24.940979
153375_29,58.265465,45.339005
153375_30,68.24969,9.144736
153375_32,10.344079,29.525532
153375_33,56.506645,36.23904
153375_35,33.44057,63.308662
153375_36,87.46694,49.00764
153375_39,58.165115,52.56494
153375_40,49.03821,19.1856
153375_41,54.490486,52.77317
153375_42,12.279674,7.2059274
153375_43,28.899467,7.1715755
153375_44,53.644497,50.845356
153375_45,28.578892,8.474085
153375_46,24.605446,39.027443
153375_47,35.090935,61.614384
153375_48,61.69209,18.45054
153375_49,85.91501,57.429768
153375_50,45.24794,63.300556
153375_51,77.71963,30.347322
153375_53,44.24499,41.00189
153375_54,88.16317,52.039883
153375_55,18.62046,59.208073
153375_56,15.826454,38.377735
153375_57,28.470066,62.865097
153375_58,83.75302,6.845699
153375_59,6.4485264,32.59251
153375_60,46.155586,52.04398
153375_61,30.6697,59.52089
153375_62,54.451447,60.555767
153375_63,37.537918,64.1971
153375_65,40.27044,58.706993
153375_66,5.307391,8.801516
153375_67,50.205986,12.6397295
153375_68,34.505413,17.430727
153375_69,43.95662,53.3438
153375_70,75.405396,29.053467
153375_71,71.0156,63.764286
153375_72,73.44622,50.591385
153375_73,85.9183,12.710875
153375_77,59.153915,6.3414335
153375_78,85.40728,20.36105
153375_79,55.71806,42.870556
153375_80,88.66642,11.487059
153375_82,16.383646,59.14194
153375_83,74.80674,16.324951
153375_84,77.070114,46.06827
153376_1,34.55378,63.870586
153376_2,80.48498,30.358145
153376_3,51.706543,8.731882
153376_4,91.94721,18.449663
153376_5,32.96562,34.632545
153376_6,72.73312,19.385454
153376_7,76.72265,7.6756086
153376_8,80.31443,11.28754
153376_9,84.513466,21.331802
153376_10,66.69466,41.90269
153376_11,76.991135,62.224346
153376_12,60.285988,6.8137956
153376_13,87.86924,7.342965
153376_15,52.52246,25.025068
153376_16,65.77192,64.1301
153376_18,41.864033,19.284767
153376_19,68.398796,51.73976
153376_22,30.445553,60.22521
153376_23,84.06829,6.051059
153376_24,41.56895,24.118542
153376_25,37.867348,32.621696
153376_26,52.00865,7.2156096
153376_27,52.865738,6.7407465
153376_28,25.874796,6.0180826
153376_29,69.802765,18.462145
153376_30,67.12049,64.07353
153376_31,75.57171,58.55599
153376_33,52.849567,29.108973
153376_34,82.03919,18.638184
153376_35,86.14541,61.74275
153376_36,71.46813,43.77893
153376_39,87.430244,52.982994
153376_40,79.25074,14.127507
153376_41,18.493587,51.61807
153376_42,35.105705,34.61148
153376_43,90.50347,10.033504
153376_44,97.60329,19.613697
153376_47,88.51314,9.088331
153376_48,72.14283,61.437237
153376_49,31.854622,52.533466
153376_50,28.767483,32.30012
153376_51,18.90903,35.67806
153376_52,79.62973,45.747334
153376_53,55.325603,62.652576
153376_54,83.297806,7.486836
153376_55,71.47196,44.80702
153376_56,98.081215,25.18507
153376_57,17.313557,9.034785
153376_60,21.482199,56.094284
153376_61,56.176216,5.2289076
153376_62,74.36809,57.679672
153376_63,26.281128,17.365545
153376_64,48.62871,62.44424
153376_65,85.04992,12.333466
153376_66,12.022703,30.532211
153376_67,66.197876,6.459283
153376_68,28.123322,20.361248
153376_69,44.710045,63.7363
153376_70,18.043562,61.912735
153376_71,32.279903,65.30073
153376_72,73.40515,13.660571
153376_73,90.55918,9.605199
153376_75,81.83773,7.362277
153376_76,85.24906,39.071995
153376_77,39.963287,33.687233
153376_78,77.80224,5.659854
153376_79,91.30304,9.906332
153376_80,12.501909,33.880764
153376_81,57.001762,4.2170777
153376_82,54.4981,9.824113
153376_83,77.580956,25.521069
153376_84,11.575419,58.88788
153376_85,21.193438,5.0807743
153376_86,53.171997,48.488415
153376_87,67.41634,63.155422
153376_88,78.902534,28.302794
153376_89,51.357113,45.568142
153377_1,54.60497,34.445858
153377_2,59.242554,60.046146
153377_3,50.94905,3.4748611
153377_7,88.7406,50.08098
153377_8,83.1926,31.811619
153377_9,12.5855665,55.60954
153377_10,24.59674,57.867626
153377_11,36.519188,34.325466
153377_12,43.833622,38.066418
153377_13,38.31105,30.294655
153377_14,38.977554,60.737953
153377_15,13.089733,58.492023
153377_16,68.4287,48.567844
153377_17,70.321815,29.565144
153377_18,19.84174,60.36141
153377_19,7.83902,5.8519464
153377_20,33.94127,18.037588
153377_21,15.281934,12.179408
153377_22,78.99897,8.879211
153377_23,31.953667,5.67689
153377_24,85.900185,43.254475
153377_25,52.294518,7.439624
153377_26,52.995483,35.98173
153377_27,60.21169,19.091408
153377_28,42.191635,31.252285
153377_29,80.710884,52.29434
153377_30,13.1085825,50.941746
153377_31,59.364517,20.98201
153377_32,68.65058,14.491337
153377_33,6.8581376,7.0581217
153377_34,86.95286,55.620586
153377_35,67.6954,20.038363
153377_36,36.220932,39.521954
153377_37,87.01752,23.050308
153377_38,59.511894,60.01125
153377_39,6.4894786,10.4518
153377_40,16.835405,55.211258
153377_41,13.300404,12.207204
153377_42,44.738567,7.254117
153377_43,39.569145,61.29739
153377_44,87.21439,45.95645
153377_45,78.86912,4.5972342
153377_46,18.529884,25.92461
153377_47,40.274097,38.843807
153377_48,27.169636,62.629513
153377_49,45.02426,48.63013
153377_50,35.325172,43.249485
153377_51,50.671127,15.881578
153377_52,40.29882,7.324212
153377_53,38.39406,50.53364
153377_54,47.708702,43.55647
153377_55,52.457733,22.271362
153377_56,75.55349,11.392812
153377_58,41.09898,60.875923
153377_59,35.053474,5.727146
153377_60,64.53641,55.261364
153377_63,65.48225,58.970585
153377_64,76.01884,11.614618
153377_65,58.756077,9.748311
153377_66,76.56257,60.1619
153377_67,83.13192,28.94534
153377_68,32.572914,11.039477
153377_69,50.24444,15.734347
153377_70,89.35568,15.750041
153377_72,15.880543,11.734694
153377_73,75.50318,31.767822
153377_74,57.19718,55.65568
153378_1,45.02362,7.4162874
153378_2,21.696934,59.94077
153378_3,58.25726,9.282014
153378_4,37.464737,18.049845
153378_5,76.88426,6.6928473
153378_6,90.218376,42.524994
153378_8,41.79505,37.3557
153378_9,61.703705,19.548912
153378_11,45.101173,56.744812
153378_12,33.20989,36.099766
153378_13,15.834962,35.72345
153378_14,82.354126,9.248076
153378_15,56.177204,42.96093
153378_16,28.737286,61.769985
153378_17,79.64549,10.438192
153378_18,72.04751,25.581135
153378_19,84.33323,62.110783
153378_20,98.00622,39.18256
153378_21,16.728834,7.3380437
153378_22,43.14309,11.696218
153378_23,81.88256,23.902641
153378_24,72.78179,46.01248
153378_25,25.390068,8.29424
153378_26,51.0548,6.055233
153378_27,70.20165,7.750848
153378_28,80.994385,6.9730625
153378_29,95.88746,17.777292
153378_30,39.81073,52.875698
153378_31,31.909006,6.726734
153378_32,5.834056,10.158302
153378_33,60.77103,38.28722
153378_34,54.44422,49.31473
153378_35,30.523205,15.524395
153378_36,36.312305,6.9944305
153378_37,54.221405,8.675206
153378_38,46.643097,8.4984255
153378_39,18.117496,62.646717
153378_40,96.48704,48.086514
153378_41,61.14965,10.965397
153378_42,57.944893,63.226368
153378_43,81.0217,53.14494
153378_44,25.546715,61.966354
153378_45,63.55409,37.24235
153378_46,80.67151,24.130957
153378_47,15.544547,21.32497
153378_48,45.89605,10.505567
153378_49,10.744916,56.691837
153378_50,44.26056,62.870403
153378_51,36.63309,49.99739
153378_52,83.553055,42.53695
153378_53,53.472862,51.96987
153378_55,70.435036,7.7767725
153378_56,65.928764,25.585121
153378_58,17.530064,9.032344
153378_59,78.773155,61.110188
153378_60,17.26324,9.021905
153378_61,32.645477,45.850147
153378_62,82.93911,12.009395
153378_64,37.738346,13.957902
153378_65,26.179684,59.217716
153378_66,41.055443,63.559753
153378_67,70.5769,6.682248
153378_69,11.653686,20.42997
153378_70,80.41578,60.867207
153378_71,81.4369,61.983273
153378_72,54.618633,9.224346
153378_73,42.9456,64.17536
153378_74,47.88385,57.1054
153378_75,78.746254,46.281033
153378_76,83.686775,21.16504
153378_77,96.90764,52.758408
153378_78,66.30218,16.702961
153378_79,72.15539,8.883094
153378_80,57.892334,39.92969
153378_81,75.02428,9.032661
153378_82,21.403883,19.142626
153378_83,41.111317,21.05562
153378_84,78.75845,11.356004
153378_85,57.210693,7.286918
153378_86,32.99694,15.161489
153378_87,42.5197,38.016857
153378_88,7.1784844,9.357987
153378_89,27.715782,8.645804
153378_90,31.583818,61.230556
153378_91,29.493969,12.925839
153378_92,33.810127,53.474506
153378_93,50.45931,11.711295
153379_1,29.371452,6.874777
153379_2,31.004253,20.571579
153379_3,19.837671,18.067234
153379_4,15.815338,11.615031
153379_5,5.492403,12.842689
153379_6,24.370884,38.59
153379_7,94.73262,44.030617
153379_9,28.053308,13.954185
153379_11,24.118546,52.782803
153379_12,82.83557,61.605854
153379_13,76.934456,15.091895
153379_15,75.62754,63.124996
153379_16,14.489505,46.741604
153379_17,34.62218,61.123592
153379_18,65.204056,47.56269
153379_19,39.163292,33.647
153379_20,14.334052,39.955025
153379_21,79.03223,62.975536
153379_22,40.771408,48.343887
153379_23,43.396854,56.976078
153379_24,50.65649,10.869248
153379_25,22.182407,56.65654
153379_26,29.344252,15.173623
153379_27,34.585373,46.40697
153379_29,10.040391,5.1908584
153379_30,45.29263,41.714626
153379_31,20.248909,5.7792373
153379_32,39.1137,10.931775
153379_33,30.182747,63.007786
153379_34,15.916728,15.479279
153379_35,64.54641,22.293571
153379_36,28.591074,16.650196
153379_37,29.606472,26.190933
153379_38,5.929921,29.333858
153379_39,47.266537,14.038608
153379_40,61.65542,45.113613
153379_41,22.511524,29.10984
153379_42,32.187443,23.38633
153379_43,29.08445,26.364294
153379_44,21.381592,14.594262
153379_45,43.347687,14.9501705
153379_46,23.40372,56.538914
153379_47,42.718773,17.16521
153379_48,4.920431,21.856789
153379_49,10.130728,11.662814
153379_50,4.883282,31.14373
153379_51,28.652403,26.887562
153379_52,67.94004,51.006985
153379_54,5.5568585,25.706131
153379_55,12.059318,30.90348
153379_56,9.117233,30.225365
153379_57,82.39741,42.526638
153379_58,39.03051,12.750144
153379_59,9.067607,12.06016
153379_60,34.859417,59.566868
153379_61,52.41639,5.574831
153379_62,37.238922,17.709764
153379_63,87.18635,40.858402
153379_64,49.56784,13.219423
153379_65,49.347664,48.189022
153379_66,73.81834,10.8886
153379_67,88.44754,48.24578
153379_68,60.696663,16.91411
153379_69,44.342285,10.0185175
153379_70,52.93699,48.32491
153379_71,89.30782,53.00845
153379_72,36.91271,45.501534
153379_73,29.18292,6.2989006
153379_74,19.867235,59.655674
153379_75,77.59058,22.005274
153379_76,69.650475,65.011246
153379_77,79.57077,25.702343
153379_78,70.36344,61.242012
153379_79,59.658768,45.599644
153379_80,44.1192,44.150307
153379_81,21.600351,34.50429
153379_82,60.007393,19.52624
153379_84,52.427696,11.504306
153379_87,52.36506,62.739414
153379_88,90.90299,22.355558
153379_89,83.91325,22.087482
153379_90,34.844933,11.635987
153379_91,53.52069,56.21059
153379_92,77.60392,49.56808
153379_93,75.70914,57.576942
153379_94,81.6943,60.415096
153379_96,18.291904,24.806421
153379_97,54.35449,39.791283
153379_98,49.705036,52.3854
153379_100,69.78562,41.437725
153380_1,47.225975,13.308589
153380_2,53.6581,63.07926
153380_3,16.418102,51.79785
153380_4,60.625443,59.49217
153380_5,42.05707,34.98816
153380_6,63.58634,56.625355
153380_8,51.575233,17.254076
153380_9,90.047874,16.423548
153380_10,16.490177,7.607417
153380_11,35.41234,40.269855
153380_12,60.064312,37.928543
153380_13,54.99153,56.510853
153380_15,5.8840613,36.45758
153380_16,57.881157,58.427135
153380_17,80.02502,57.193314
153380_18,82.69659,53.057438
153380_20,83.24494,6.9695387
153380_21,13.798995,24.133858
153380_22,38.585476,13.044137
153380_23,67.347145,13.040595
153380_24,54.172344,55.21595
153380_25,74.928825,59.063786
153380_26,8.515694,16.358381
153380_27,41.559288,63.703182
153380_28,56.247513,6.9099727
153380_29,8.609946,24.401133
153380_30,67.847015,14.859401
153380_31,30.551105,44.37012
153380_32,57.200302,54.878994
153380_33,28.505232,18.24514
153380_34,32.711647,7.6006055
153380_35,87.98441,50.9873
153380_36,10.162049,6.3453455
153380_37,72.279175,15.552896
153380_38,77.93757,5.0977707
153380_39,69.430954,5.9535265
153380_40,13.588094,14.81547
153380_41,44.000263,51.631878
153380_42,74.41102,19.624495
153380_44,74.84266,39.45752
153380_45,43.473816,10.022355
153380_46,88.28042,53.243557
153380_47,74.126625,12.285954
153380_48,91.52342,11.387967
153380_49,46.70644,42.478455
153380_50,87.73238,36.914417
153380_52,56.45868,49.123608
153380_53,15.860459,30.30941
153380_54,60.857895,26.663368
153380_55,82.1912,39.76591
153380_57,36.23554,22.162874
153380_58,75.69137,62.98003
153380_59,40.985573,53.95586
153380_61,72.98557,56.697987
153380_62,56.52929,50.803432
153380_63,31.134434,4.682513
153380_64,46.11555,7.546836
153380_65,53.36755,10.061547
153380_66,37.094234,53.114727
153380_67,92.47962,52.094524
153380_68,46.196854,6.757284
153380_69,60.44892,50.87762
153380_70,37.550507,43.011494
153380_71,49.155094,49.36341
153380_72,63.784245,47.587814
153380_74,94.189064,14.928781
153380_75,53.002403,49.38514
153380_76,62.251625,55.099056
153380_77,47.58378,13.265251
153380_78,43.87231,48.774418
153380_79,17.56004,6.2631845
153380_80,44.84827,28.811832
153380_81,63.669228,42.796368
153380_82,75.55863,21.466995
153380_83,45.779427,35.183205
153380_84,60.931137,9.596166
153380_85,50.929398,10.301606
153380_86,66.12375,37.282345
153380_87,50.03859,19.777557
153380_88,17.124998,9.292023
153380_89,71.65805,31.672016
153380_90,79.55523,32.588284
153380_91,43.14177,48.41135
153380_92,26.901478,45.26067
153380_93,25.363224,29.090748
153380_94,29.95972,57.195362
153380_95,76.66104,15.124684
153380_96,54.610626,42.6181
153380_97,43.209553,15.584077
153380_98,88.50732,25.164118
153380_99,37.01577,36.020107
153380_100,40.600483,61.309673
153380_101,41.061134,22.465603
153380_102,66.91566,32.342323
153380_103,50.647865,63.25882
153380_104,45.3472,61.12984
153380_105,83.79472,11.226593
153380_106,67.68104,55.091743
153380_107,61.981323,9.292494
153381_1,40.212738,6.8491516
153381_2,47.974457,54.754276
153381_3,66.94756,58.22892
153381_4,27.516457,22.329054
153381_5,75.35785,17.176195
153381_6,72.528015,49.496304
153381_7,49.421856,25.275173
153381_8,5.6895056,29.599867
153381_10,16.532612,29.363121
153381_11,46.53795,57.74761
153381_12,25.117313,26.35459
153381_13,71.38862,58.661045
153381_14,84.331085,61.562073
153381_16,57.584606,44.70029
153381_17,37.681522,13.181043
153381_18,66.14834,55.216053
153381_21,39.486496,59.170483
153381_22,18.168955,21.687366
153381_23,25.14304,58.146736
153381_24,27.373234,56.01704
153381_25,90.085815,10.765086
153381_26,65.70312,16.982883
153381_27,5.688278,13.325907
153381_28,61.324615,10.750451
153381_29,64.49749,36.998165
153381_30,75.929245,6.8695965
153381_31,42.683426,36.29301
153381_32,14.432796,8.510439
153381_33,35.95783,50.60763
153381_34,20.630295,14.047489
153381_35,67.7864,8.886823
153381_36,95.267876,34.320805
153381_37,80.58106,49.3287
153381_39,72.75251,9.129165
153381_41,66.29298,58.779964
153381_42,59.624825,24.797016
153381_43,57.74638,20.198639
153381_44,76.05868,33.21208
153381_45,29.032078,10.081502
153381_46,37.837967,62.652073
153381_47,36.602013,6.584389
153381_48,34.555912,17.016682
153381_49,79.677605,36.324493
153381_50,12.960476,11.939777
153381_51,74.48747,18.901402
153381_52,63.746147,17.422836
153381_55,42.170162,31.263744
153381_57,79.88293,54.447483
153381_58,21.805542,36.733715
153381_59,84.05903,10.554587
153381_60,47.631504,61.772038
153381_61,53.854393,56.72205
153381_62,86.928055,51.696445
153381_63,92.143135,37.908092
153381_64,46.125862,21.31128
153381_65,29.942009,59.461857
153381_66,57.987747,31.90227
153381_67,63.584763,52.358192
153381_68,64.63307,57.711964
153381_70,63.354275,9.063811
153381_71,84.10044,54.668865
153381_72,20.93354,40.63193
153381_73,48.759705,50.133945
153381_74,65.05132,50.743576
153381_75,59.136658,45.938366
153381_76,80.80352,19.478407
153381_79,9.746602,8.654787
153381_80,88.48104,54.807102
153381_82,83.46288,17.387627
153381_83,64.61971,6.5232024
153381_84,62.424026,18.07895
153381_85,67.35222,49.083378
153381_88,66.16425,6.6910777
153381_89,76.391945,40.614765
153381_90,35.65081,6.0366306
153381_92,32.49706,47.849186
153381_93,86.61307,20.937445
153381_94,81.83691,12.583661
153381_95,75.318306,25.341991
153381_96,64.142784,54.678703
153382_1,53.791374,58.49927
153382_2,27.949806,59.560654
153382_3,40.85961,18.387932
153382_4,60.827244,40.431316
153382_5,74.00522,6.691129
153382_6,81.24509,6.8156786
153382_7,82.86747,63.479557
153382_8,61.903877,46.78465
153382_10,71.58997,61.97235
153382_11,7.92997,18.630636
153382_12,20.163122,6.025023
153382_13,48.465363,36.929707
153382_14,61.870472,64.83857
153382_15,12.821038,4.7522116
153382_16,16.991117,9.23277
153382_17,93.72625,51.67616
153382_18,49.650906,55.754627
153382_19,65.075035,63.458923
153382_20,58.360992,47.40504
153382_22,72.86481,58.74018
153382_23,60.817966,16.10223
153382_24,61.88317,56.520332
153382_25,16.265917,61.120262
153382_26,40.64197,55.078976
153382_27,7.2390976,44.80836
153382_28,63.188766,50.834938
153382_29,74.37678,59.92317
153382_30,78.93285,56.31164
153382_31,79.43043,45.735226
153382_32,49.626373,34.307446
153382_34,83.21565,22.510437
153382_35,68.59791,60.92069
153382_36,76.74299,45.90766
153382_37,47.648766,14.004811
153382_38,45.741257,11.631958
153382_39,13.807765,25.248869
153382_40,48.532013,59.53153
153382_41,96.17571,23.461143
153382_42,91.25896,13.7765875
153382_43,37.484905,47.151516
153382_44,52.03913,36.573086
153382_45,57.87447,16.67298
153382_47,74.003105,62.091175
153382_49,26.995821,17.424706
153382_50,7.7618866,44.58121
153382_51,26.051918,45.554653
153382_52,61.549065,28.7594
153382_53,15.935321,25.534342
153382_54,82.67878,42.093056
153382_55,54.907784,22.238987
153382_56,7.3804994,23.857033
153382_57,45.400322,9.377574
153382_58,50.382034,5.5925636
153382_59,26.145386,24.407526
153382_63,42.89177,54.942276
153382_64,90.81342,57.7207
153382_65,13.17522,48.699387
153382_66,80.505165,63.839294
153382_67,82.93328,6.6098204
153382_68,43.63867,13.077668
153382_70,76.2577,6.271323
153382_71,82.03709,57.587357
153382_72,33.422684,8.0819435
153382_73,76.10716,60.001186
153382_75,24.547235,5.6364307
153382_76,41.74521,43.42612
153382_77,13.5462055,58.577045
153382_78,81.297066,42.527256
153382_80,15.8662815,22.268097
153382_81,83.19781,36.1898
153382_82,94.93009,23.662636
153382_83,89.74779,16.930546
153382_84,88.63207,25.266594
153382_85,47.92926,46.549023
153382_87,85.53872,22.884666
153382_88,44.791428,56.663097
153382_89,14.738944,38.7774
153383_1,92.247765,58.159832
153383_2,19.875996,52.712147
153383_4,30.510315,7.6185036
153383_5,54.684746,11.097529
153383_6,76.01722,6.4040594
153383_7,85.74575,10.60562
153383_8,26.02753,50.302567
153383_9,86.07807,20.942497
153383_10,85.86991,57.706066
153383_11,57.88494,62.504887
153383_13,12.304778,10.958249
153383_14,37.23578,11.561028
153383_15,88.471596,11.2920475
153383_16,58.677895,3.8989787
153383_17,41.66623,43.16199
153383_18,50.143322,58.42848
153383_19,79.05143,55.921295
153383_20,46.194237,4.992751
153383_21,46.57736,19.463943
153383_22,46.159706,51.481205
153383_23,72.742165,26.616356
153383_24,70.3037,64.41329
153383_25,71.769615,62.203903
153383_26,20.023209,16.225914
153383_27,73.354774,45.70232
153383_28,50.777184,10.405618
153383_29,75.26344,19.84367
153383_30,47.846924,38.774044
153383_31,41.507668,57.648167
153383_32,15.791415,38.572826
153383_34,51.560074,9.001969
153383_35,75.560585,37.751617
153383_36,94.47955,13.750117
153383_37,16.729021,33.54632
153383_38,69.59212,5.5449624
153383_39,52.56996,58.95752
153383_40,51.49611,8.377647
153383_41,14.275563,21.027267
153383_42,33.63128,58.522076
153383_43,5.9110384,10.946017
153383_44,72.65077,64.98317
153383_45,65.93633,46.01312
153383_46,16.193426,29.494606
153383_47,99.96612,45.919014
153383_48,78.569244,47.198196
153383_49,73.27677,6.5240984
153383_50,36.80729,64.15817
153383_51,36.516617,62.922897
153383_53,75.310524,21.968868
153383_54,17.30732,6.872986
153383_55,9.42903,57.31274
153383_56,88.23408,12.717351
153383_57,68.81048,23.378754
153383_58,42.283092,57.88432
153383_59,61.248314,49.256382
153383_60,55.664673,6.2841024
153383_62,75.19129,25.900751
153383_64,79.503105,53.665554
153383_65,28.183243,44.915344
153383_66,53.73073,6.160141
153383_67,64.67348,59.463726
153383_68,68.02105,18.85008
153383_69,34.560005,8.819205
153383_70,30.168907,5.170436
153383_71,78.967415,57.233204
153383_73,9.805688,54.405052
153383_74,45.693275,64.47486
153383_75,41.83288,33.8124
153383_76,51.913544,59.701283
153383_77,42.05835,48.351017
153383_78,77.22292,48.506596
153383_79,75.506775,46.95866
153383_80,90.524376,33.066704
153383_81,16.771423,29.475103
153383_82,16.557343,7.2159414
153383_83,65.59611,49.083054
153383_84,62.340134,64.340355
153383_86,40.967567,54.914246
153384_1,49.421936,63.001705
153384_2,20.155233,50.262653
153384_3,28.669125,3.7981682
153384_4,20.640997,26.8441
153384_5,58.892723,6.090766
153384_6,57.913715,62.694313
153384_7,44.04238,4.5572586
153384_9,59.24764,19.562609
153384_10,41.068443,31.43926
153384_11,46.174698,7.9958944
153384_12,91.30482,59.63715
153384_15,54.686077,50.547535
153384_16,44.948128,14.938537
153384_17,30.699364,55.85142
153384_18,47.448357,8.253467
153384_19,71.91718,27.999022
153384_20,69.15749,21.191307
153384_21,42.434067,35.248806
153384_23,38.564533,23.963774
153384_24,42.583138,53.23309
153384_25,48.167908,55.55061
153384_27,50.22961,54.36703
153384_28,66.14911,63.463627
153384_29,82.085785,8.507672
153384_30,52.52843,63.199608
153384_32,60.58818,26.80773
153384_33,48.876007,64.33225
153384_34,94.65253,42.749012
153384_35,28.987839,6.091
153384_36,80.64892,13.916675
153384_37,29.837288,38.35805
153384_38,18.829138,36.766506
153384_39,48.78583,63.52691
153384_40,21.413292,7.9842625
153384_43,65.30247,4.2703385
153384_44,40.60586,34.954197
153384_45,15.823461,19.70903
153384_46,74.98423,59.528805
153384_48,87.88655,60.968723
153384_49,6.7791305,7.6257644
153384_50,34.491665,45.722363
153384_51,95.528725,14.693588
153384_52,24.455912,56.48215
153384_53,48.27498,14.447911
153384_54,90.88914,10.073308
153384_55,65.72337,3.4884748
153384_58,83.759865,49.541893
153384_60,43.297165,9.539929
153384_61,59.273613,25.1296
153384_62,39.22041,28.443583
153384_63,55.71987,22.853666
153384_65,20.95081,4.9936566
153384_66,20.9197,10.355958
153384_69,85.90499,7.9389553
153384_70,30.56095,4.5682755
153384_71,28.806042,4.8841257
153384_73,16.275408,54.450108
153384_74,20.350155,55.19395
153384_75,75.9701,14.841357
153384_76,20.75933,37.41947
153384_77,96.33474,17.86172
153384_80,10.0963335,22.739374
153384_81,53.344086,21.766254
153384_82,72.099236,6.138036
153384_85,69.572945,48.00613
153384_86,71.88354,13.770222
153384_87,55.00645,46.127388
153384_88,35.69609,9.806565
153384_89,85.01046,7.2007017
153384_90,36.666527,18.160034
153384_91,35.942574,54.83285
153384_93,18.638794,18.428806
153384_94,32.636013,40.886017
153384_95,78.62219,22.007584
153384_96,74.863014,19.338806
153384_97,19.939901,9.083274
153384_98,51.723663,64.38237
153384_99,17.794643,6.006007
153384_100,89.40737,36.745594
153384_101,16.742823,37.98872
153384_103,28.715578,40.48997
153384_104,72.841644,36.84174
153384_105,50.822365,15.605863
153384_106,37.367695,51.516453
153384_107,54.755623,32.4417
153384_108,83.238464,6.0643396
153384_109,70.358986,47.145947
153384_110,58.7327,52.0031
153384_111,80.51382,60.763058
153384_113,32.67991,33.37907
153384_114,87.26224,25.400818
153384_116,92.9346,42.100945
153384_117,71.63681,47.63061
153384_119,91.98168,46.825455
153385_1,69.94549,59.832325
153385_2,30.586752,18.375225
153385_3,42.70928,57.19695
153385_4,7.6042466,55.15439
153385_5,64.944534,7.6794987
153385_6,31.630487,57.61002
153385_7,47.146427,57.431095
153385_8,55.82139,22.778461
153385_9,67.0528,64.72501
153385_10,83.29601,59.37784
153385_11,67.711754,49.2513
153385_12,34.45243,34.568478
153385_13,28.297108,53.802784
153385_16,28.327532,22.87859
153385_17,57.00966,51.06512
153385_18,32.05746,36.250526
153385_19,25.093971,63.76298
153385_20,15.657069,46.38671
153385_21,39.731613,48.76409
153385_22,78.505905,57.77911
153385_23,72.28784,55.730442
153385_24,8.968605,34.797707
153385_25,24.102406,50.183193
153385_26,43.032017,20.650063
153385_28,54.47035,46.791016
153385_30,13.081502,52.65655
153385_31,54.563713,7.800941
153385_34,48.77733,9.003841
153385_35,7.9534097,35.2921
153385_36,78.62246,62.925323
153385_38,76.062416,17.442608
153385_39,65.19788,46.42287
153385_40,80.87455,40.67361
153385_41,50.749435,6.724743
153385_42,25.29162,53.04127
153385_43,25.044762,61.691822
153385_44,28.756405,4.364559
153385_45,84.258514,54.752605
153385_47,76.6615,50.617332
153385_48,26.847158,34.931385
153385_49,6.291862,29.976028
153385_50,31.981789,6.514427
153385_51,59.074665,59.471413
153385_52,83.44338,15.756585
153385_53,73.966484,48.709957
153385_54,47.38022,37.380714
153385_55,56.71708,8.369411
153385_58,42.852257,54.072132
153385_59,87.825386,22.889816
153385_60,67.97067,8.751761
153385_61,42.54828,38.725555
153385_63,52.452965,44.417576
153385_64,47.600166,17.44643
153385_65,42.383606,21.541832
153385_66,96.496475,18.668919
153385_67,53.917286,20.957767
153385_68,86.848,25.953636
153385_69,59.018513,62.649708
153385_70,17.339777,29.439308
153385_72,65.12431,54.056866
153385_74,55.953773,17.559765
153385_75,33.38321,16.596552
153385_76,75.76815,12.560566
153385_77,91.09584,58.289516
153385_79,16.832676,9.224461
153385_80,52.09878,15.431002
153385_81,48.574535,10.293963
153385_82,26.206459,45.17474
153385_83,89.36794,21.611963
153385_84,72.18284,13.623006
153385_89,65.926506,32.849155
153385_90,92.54723,38.877926
153386_1,71.890724,6.648315
153386_2,71.96442,26.516249
153386_3,13.5474,23.351341
153386_4,51.79132,28.56045
153386_5,54.148544,21.348337
153386_6,55.129005,31.45908
153386_7,46.101864,61.07764
153386_8,50.22808,21.332249
153386_10,47.63417,40.738632
153386_12,48.63391,56.27808
153386_13,43.90446,58.234524
153386_14,23.978588,42.077316
153386_15,91.78785,57.78986
153386_16,71.41295,5.561574
153386_17,28.004128,56.377975
153386_18,88.09774,9.969
153386_20,50.648754,21.78083
153386_21,75.23954,15.092763
153386_22,45.653164,60.326366
153386_23,72.20165,23.514637
153386_24,78.001076,41.28317
153386_25,63.59243,15.369671
153386_26,79.127144,7.791216
153386_28,17.44271,26.257189
153386_29,60.770008,53.11734
153386_31,35.985622,30.88279
153386_33,45.949287,61.4094
153386_34,52.779133,17.768885
153386_35,41.743385,56.874683
153386_36,91.296585,11.008335
153386_37,14.259959,46.32432
153386_38,88.24287,56.366184
153386_39,32.996258,19.793222
153386_40,31.665783,34.96983
153386_41,25.757729,7.9627748
153386_42,58.244156,28.726028
153386_43,78.539986,64.45229
153386_44,36.64596,49.130478
153386_45,75.1023,38.4247
153386_46,84.68305,25.977444
153386_47,69.50317,64.799965
153386_48,37.27388,11.592607
153386_49,38.121277,63.30348
153386_50,23.277903,12.574136
153386_51,36.03724,39.393764
153386_52,55.124634,62.11945
153386_53,25.799929,44.513817
153386_54,89.12945,32.582172
153386_55,99.56791,24.814571
153386_56,53.104614,47.18611
153386_57,79.192665,16.490019
153386_58,62.795822,30.31266
153386_59,62.55209,29.158688
153386_60,67.99244,19.014006
153386_61,80.01334,10.80466
153386_62,37.40691,36.95902
153386_63,68.42896,55.590057
153386_64,58.016685,58.46671
153386_66,71.87633,5.6730814
153386_67,43.12217,56.618877
153386_69,55.28135,18.905712
153386_70,12.227498,24.286812
153386_72,53.42833,4.906143
153386_73,17.843021,20.92325
153386_74,23.335724,13.246078
153386_76,98.121895,46.25842
153386_77,75.34845,24.089153
153386_78,51.54708,10.24731
153386_79,97.76411,24.249159
153386_80,14.240389,27.485687
153386_81,83.152245,49.72816
153386_82,77.38778,29.716528
153387_1,62.17561,5.252648
153387_2,73.71631,4.768361
153387_3,49.540794,49.751408
153387_4,78.03396,21.295237
153387_5,49.456734,29.601927
153387_6,37.719765,44.953648
153387_7,11.144895,8.37678
153387_8,77.28344,45.63684
153387_10,63.985428,12.634852
153387_11,35.69228,60.97585
153387_12,23.141796,51.25781
153387_13,51.26583,22.080559
153387_14,53.94416,5.758955
153387_15,4.1844044,7.929074
153387_16,92.422745,11.295251
153387_17,84.22527,9.419346
153387_18,63.826786,8.955273
153387_19,93.10246,28.202967
153387_20,36.14446,10.611722
153387_21,58.662792,38.952663
153387_22,61.24135,51.232037
153387_25,50.292725,47.81111
153387_26,39.805676,14.309795
153387_27,90.48548,44.000347
153387_29,71.7809,7.3896265
153387_30,52.366745,13.997706
153387_31,52.474575,7.6885157
153387_32,82.67174,63.07545
153387_33,28.384846,6.047379
153387_34,58.13913,20.486675
153387_35,7.5299706,39.724876
153387_36,63.022057,39.08649
153387_37,19.094467,31.92043
153387_38,73.66605,18.363544
153387_39,13.090953,7.3822165
153387_40,27.837046,7.239543
153387_41,40.16438,23.440199
153387_42,94.62414,16.077824
153387_43,77.122185,55.423313
153387_44,86.18893,18.69836
153387_45,79.0008,13.00962
153387_46,41.30603,45.52741
153387_47,85.42673,44.041233
153387_48,36.25794,59.39968
153387_49,41.783806,23.447489
153387_50,91.76472,42.171394
153387_51,68.946556,27.54206
153387_52,42.65966,51.945263
153387_54,84.21581,27.212814
153387_55,41.22218,35.063995
153387_56,57.70626,24.891619
153387_57,83.48035,11.097579
153387_58,45.34423,11.0393095
153387_59,77.526436,50.940193
153387_60,25.285057,4.943386
153387_61,67.6796,5.1778126
153387_62,91.10754,10.490029
153387_63,65.23156,40.97378
153387_64,62.374634,64.460175
153387_66,13.172473,42.944553
153387_67,93.2073,54.85291
153387_68,65.61619,6.3772326
153387_69,83.74814,11.64802
153387_70,12.755947,29.36815
153387_71,44.837486,17.466528
153387_72,78.33584,49.57109
153387_73,30.570019,30.595448
153387_74,41.46822,60.380924
153387_75,40.45936,62.099712
153387_76,21.00321,27.101715
153387_77,96.59426,42.429317
153387_78,82.19575,20.474028
153387_79,60.351204,9.919492
153387_80,90.994286,15.263276
153387_81,58.122368,55.854404
153387_82,86.395134,62.597828
153387_83,77.55702,22.695293
153387_84,90.3686,58.45902
153387_85,87.90396,17.203869
153387_86,25.50399,5.0895786
153387_87,15.831885,31.241077
153387_88,38.93492,9.306083
153388_1,58.68943,6.23427
153388_2,85.09059,13.390975
153388_4,92.09046,42.020603
153388_5,53.3416,13.810731
153388_6,67.578,58.014076
153388_7,45.339516,5.9155755
153388_8,51.936035,11.465383
153388_9,62.647614,46.177814
153388_10,46.29844,5.996296
153388_11,22.152119,13.23104
153388_12,88.88427,36.233387
153388_13,97.07789,20.55919
153388_14,66.68917,7.9885254
153388_15,51.278847,60.00995
153388_16,59.23185,64.57389
153388_17,60.73343,12.454193
153388_18,43.077396,11.467636
153388_19,8.8169565,34.418518
153388_20,9.383525,6.0999594
153388_21,45.217854,62.682827
153388_22,69.27589,5.9186954
153388_23,49.12463,29.092419
153388_24,74.31346,6.2837224
153388_25,64.71899,60.04788
153388_26,17.228386,29.056366
153388_27,55.368683,10.11251
153388_28,82.281715,45.20163
153388_29,63.92311,16.449816
153388_32,92.17602,10.990493
153388_33,54.212353,16.810646
153388_34,60.79973,50.69959
153388_35,78.14267,23.915066
153388_36,31.333752,50.68474
153388_37,89.20294,59.24712
153388_38,78.70885,8.953017
153388_39,19.326893,8.82537
153388_40,58.320694,55.89053
153388_41,45.55002,33.297626
153388_42,52.195427,7.022992
153388_43,79.431404,44.01077
153388_44,50.562492,32.9902
153388_45,7.353446,50.015778
153388_46,81.80371,52.259113
153388_47,70.03922,36.517498
153388_48,13.223355,35.416004
153388_49,40.911194,61.37279
153388_50,54.023735,35.81227
153388_51,86.8341,20.110065
153388_52,16.300247,37.38953
153388_54,78.01109,8.530873
153388_55,14.946621,59.28502
153388_56,56.516525,7.837605
153388_57,14.477767,19.245745
153388_59,95.75626,28.87564
153388_60,79.83656,35.99691
153388_61,86.38227,38.562878
153388_62,64.03859,19.826717
153388_63,27.771141,41.052975
153388_64,52.567406,58.671047
153388_65,58.33025,58.700726
153388_66,25.199417,11.438745
153388_67,83.43777,61.70258
153388_68,49.980904,43.829082
153388_69,51.261475,58.96151
153388_70,49.10159,62.2512
153388_71,55.2023,37.335354
153388_72,51.213852,19.465225
153388_73,58.999794,26.270699
153388_74,60.624454,12.794505
153388_75,60.197453,30.618118
153388_78,80.053566,39.017204
153388_79,54.328865,14.411588
153388_80,45.245663,64.10521
153388_81,84.747,27.361467
153388_82,31.002308,38.86923
153389_1,68.62686,64.38755
153389_2,25.167622,11.53989
153389_3,36.916992,16.794683
153389_4,43.991615,56.611774
153389_5,60.508503,55.464222
153389_6,48.39969,57.6504
153389_8,53.701927,41.338104
153389_9,47.96315,27.52372
153389_10,48.384007,7.7828517
153389_11,62.494083,4.2263236
153389_12,13.530377,58.317726
153389_13,52.564034,39.80045
153389_14,95.26617,37.822643
153389_15,39.130478,25.992386
153389_16,80.00814,62.352028
153389_17,35.15615,64.22381
153389_18,80.66059,53.735115
153389_19,52.761086,38.562496
153389_21,22.63369,63.065556
153389_22,26.035774,5.6683993
153389_23,57.62391,15.443893
153389_24,58.847572,28.705898
153389_25,73.07439,55.330402
153389_26,55.23408,8.180025
153389_27,55.183296,42.496426
153389_28,73.33474,33.010387
153389_29,39.29876,61.21603
153389_30,64.907974,65.095215
153389_31,85.011604,60.263523
153389_32,82.910446,36.33119
153389_33,47.37023,38.27036
153389_34,9.37851,43.47681
153389_35,45.356613,51.62379
153389_36,54.194225,25.129358
153389_37,54.97763,45.779545
153389_38,4.027426,21.704523
153389_39,65.385826,57.992542
153389_40,15.117847,56.58006
153389_41,66.17283,57.821445
153389_42,53.345947,33.7649
153389_43,37.95762,23.564293
153389_45,49.881893,52.045483
153389_47,47.23058,57.22555
153389_48,46.06478,52.91374
153389_50,55.057816,57.141018
153389_51,8.963751,44.83423
153389_52,47.366493,6.59216
153389_53,50.65094,62.785545
153389_54,69.752266,61.627644
153389_55,41.013317,57.233517
153389_57,69.90272,4.3314133
153389_58,98.045,46.580452
153389_60,68.9757,60.377895
153389_61,16.108725,6.5327706
153389_62,26.784431,56.866093
153389_63,18.82689,41.06359
153389_64,66.74436,7.099039
153389_65,69.36372,8.21287
153389_66,79.79651,43.96812
153389_67,26.530571,14.743123
153389_68,89.45286,44.57898
153389_69,60.674862,52.084156
153389_70,87.60003,60.036873
153389_71,46.88076,17.88787
153389_72,72.84649,5.297474
153389_73,70.34049,32.53117
153389_75,87.47589,23.616173
153389_76,26.837297,18.814138
153389_78,82.95529,55.320683
153389_80,83.62198,44.225876
153389_81,82.853905,49.780552
153389_82,39.62937,13.316586
153390_1,7.0756826,32.500927
153390_2,35.65515,12.659093
153390_3,82.06863,18.143663
153390_4,42.72325,28.904675
153390_5,71.21148,63.27951
153390_6,96.75782,19.56992
153390_7,50.747063,12.537984
153390_8,28.204903,51.645138
153390_9,75.534836,35.806446
153390_10,90.49732,9.275214
153390_11,29.1416,59.252316
153390_12,55.21601,9.717328
153390_13,30.484474,37.202793
153390_14,49.159332,22.053389
153390_15,9.1119585,30.321997
153390_16,75.35182,46.205677
153390_17,41.787178,63.33077
153390_18,56.372265,26.324375
153390_19,31.09779,54.706337
153390_20,71.37664,50.805836
153390_21,75.339615,11.789943
153390_22,32.556244,19.884253
153390_24,33.091316,43.787937
153390_26,51.659286,8.537467
153390_27,94.78785,22.685543
153390_28,47.016747,5.539404
153390_29,15.830323,53.411633
153390_30,52.120968,34.26178
153390_31,93.11564,31.953495
153390_32,67.893555,29.679085
153390_33,59.382572,59.52102
153390_34,95.90318,22.602215
153390_35,23.49212,63.398342
153390_36,56.920753,9.697297
153390_37,81.96031,5.4188614
153390_38,66.733086,20.059877
153390_39,27.04973,56.52285
153390_40,48.31273,33.17609
153390_41,29.23537,5.3158545
153390_42,86.4246,17.661898
153390_43,17.935772,47.63032
153390_44,27.768328,50.173855
153390_45,45.07546,18.899054
153390_46,63.44735,64.79356
153390_47,70.82027,50.560947
153390_48,21.771896,28.570015
153390_49,41.164314,52.23534
153390_50,44.51786,56.73669
153390_51,14.346559,14.896047
153390_52,28.40967,41.894672
153390_53,90.58843,9.701968
153390_56,27.215576,24.923277
153390_59,16.602694,18.06147
153390_60,32.584187,56.088127
153390_61,35.777016,64.759575
153390_62,48.949493,8.769319
153390_63,34.569977,42.280838
153390_64,15.726419,32.062073
153390_65,41.64183,51.077915
153390_66,70.5546,29.290382
153390_67,35.234684,41.08714
153390_68,86.865364,42.337814
153390_69,91.21992,57.32825
153390_71,8.157786,28.017859
153390_72,76.830666,65.65131
153390_73,23.814953,46.384254
153390_74,30.693993,30.013824
153390_75,41.202385,7.108225
153390_76,33.525887,18.695057
153390_77,20.69553,44.489586
153390_78,54.30143,24.1664
153390_80,63.573647,60.023647
153390_81,70.93616,5.152402
153390_82,77.20738,13.86077
153390_83,49.375774,27.015133
153390_84,75.51905,10.217132
153390_86,67.045845,26.829533
153391_1,13.586274,59.21024
153391_2,51.448963,52.182728
153391_3,69.330315,3.9137175
153391_5,17.621796,60.522034
153391_6,22.898941,22.683243
153391_9,17.04699,59.380108
153391_10,26.559008,61.669483
153391_11,97.61269,22.141483
153391_12,81.200096,48.261402
153391_13,23.68573,5.388357
153391_14,43.22745,48.513935
153391_15,36.878845,35.236584
153391_16,81.22144,50.155987
153391_17,70.5949,42.700985
153391_18,83.7926,61.29808
153391_19,10.965123,5.6215954
153391_20,73.75727,49.986748
153391_21,64.609856,44.38001
153391_22,63.27036,43.02044
153391_24,60.30172,58.947445
153391_26,54.487396,60.865887
153391_27,76.41255,21.58676
153391_28,83.11981,16.067358
153391_29,65.034966,56.878788
153391_30,47.341022,26.811764
153391_31,28.603912,6.239747
153391_32,19.856163,55.51382
153391_33,77.80713,42.903625
153391_34,44.521103,62.904278
153391_35,43.533386,62.96414
153391_36,48.301773,21.71202
153391_37,31.228748,60.466953
153391_38,70.91598,55.78216
153391_39,29.37385,46.60792
153391_40,44.365128,21.652775
153391_41,13.111418,58.592995
153391_42,39.826893,57.797283
153391_43,31.3965,13.527696
153391_44,66.82131,27.918335
153391_45,60.323044,3.3294022
153391_46,21.562328,41.722897
153391_47,69.303154,53.34357
153391_48,81.06309,29.336456
153391_49,49.107777,59.31639
153391_50,82.13082,57.528217
153391_51,78.993576,53.219555
153391_52,49.78375,54.721996
153391_53,28.79208,60.33074
153391_54,35.240883,16.231455
153391_55,70.50931,59.78361
153391_56,12.4169235,34.7223
153391_57,48.0157,4.282055
153391_58,31.004574,47.32685
153391_59,46.97413,16.703548
153391_60,56.690628,10.895516
153391_61,69.15734,58.26605
153391_63,79.33567,28.55744
153391_64,70.32256,9.532161
153391_65,85.75875,24.462593
153391_66,95.06829,54.66644
153391_68,52.30754,58.121105
153391_69,45.71185,63.275856
153391_70,55.674637,5.5848784
153391_71,64.87428,63.025486
153391_72,54.755444,8.144652
153391_73,73.41924,19.009644
153391_76,53.02575,42.9016
153391_77,72.412315,18.947227
153391_78,76.033646,53.666317
153391_79,78.609886,11.377742
153391_80,59.629837,19.016033
153391_81,25.585814,54.78959
153391_82,69.630684,46.548027
153391_83,74.43434,19.287428
153391_85,73.75793,53.59354
153391_86,72.06043,6.8741903
153392_1,48.795494,14.079351
153392_2,55.252098,11.544634
153392_3,48.976036,57.511375
153392_4,70.757805,5.5413537
153392_5,80.3175,5.756301
153392_6,89.326096,44.4189
153392_7,43.00689,61.604538
153392_8,75.48728,43.53587
153392_10,17.311287,4.659741
153392_11,51.313946,20.884003
153392_13,30.22314,56.74983
153392_14,68.25927,61.872692
153392_15,62.32294,13.9720125
153392_17,57.00662,55.574238
153392_18,90.1014,60.498592
153392_20,15.348294,50.795773
153392_21,13.351772,9.570428
153392_22,82.1988,26.060247
153392_23,87.45352,16.934784
153392_24,92.88192,14.22916
153392_25,13.780375,54.886883
153392_26,78.752754,19.762009
153392_27,40.840782,38.679157
153392_29,18.416471,13.21354
153392_30,45.79338,8.990094
153392_32,27.76687,60.093567
153392_33,21.635439,62.62574
153392_34,26.92442,14.920829
153392_35,33.562077,3.6540308
153392_36,40.87998,47.293404
153392_37,6.5229244,34.398876
153392_38,63.68114,58.77434
153392_39,61.74228,4.7387457
153392_40,76.79868,28.001669
153392_41,84.36997,57.82091
153392_44,30.379555,18.759308
153392_45,34.351006,38.799164
153392_46,49.4843,13.245119
153392_47,40.13099,6.39542
153392_48,49.95505,8.63687
153392_49,73.89498,48.19691
153392_50,62.863194,41.580517
153392_52,24.553713,6.3320584
153392_53,71.14972,63.158722
153392_54,86.19413,57.05145
153392_55,90.0118,10.212235
153392_56,36.443325,18.72068
153392_57,44.8396,29.709002
153392_59,9.541774,6.5536165
153392_60,14.294649,9.667668
153392_62,54.884987,12.49303
153392_63,34.503067,61.007713
153392_64,63.22071,19.478664
153392_65,72.73727,29.181267
153392_66,46.422024,3.786351
153392_67,77.256676,23.80896
153392_68,21.194117,31.80267
153392_71,83.28148,13.787063
153392_72,84.67748,45.594807
153392_73,53.122787,60.016636
153392_74,70.90389,59.387547
153392_75,47.621735,57.512928
153392_76,60.842697,22.56902
153392_77,62.912247,22.284086
153392_78,70.31104,15.939706
153392_79,49.165016,54.04079
153392_80,29.715816,10.5786495
153392_81,49.235283,52.776615
153392_82,71.36122,53.132244
153392_83,15.419013,56.472466
153392_84,47.480507,6.306714
153392_85,47.60617,5.489585
153392_86,74.7981,60.318314
153392_87,78.85705,63.004124
153392_89,62.66842,24.789318
153392_90,75.21886,32.02296
153392_91,78.463684,46.184322
153392_92,46.12326,40.27904
153392_93,81.94871,14.345603
153392_95,83.52207,39.25543
153392_96,20.846466,37.88785
153392_97,6.1990995,5.866421
153392_98,32.807457,5.198494
153392_99,43.754395,42.67897
153392_100,81.193,11.8264065
153392_102,52.226326,5.185129
153392_103,24.928644,32.585762
153392_104,17.811396,26.113914
153392_105,81.639626,33.515507
153392_106,57.481056,51.933464
153392_107,64.19791,28.133404
153392_108,84.67896,61.51431
